Test	Category	Cluster	Single	pval
ESBL presence	No	9 (5.8%)	89 (18.2%)	2.662319316671969e-4
ESBL presence	Yes	147 (94.2%)	399 (81.8%)	2.662319316671969e-4
Carbapenem presence	No	125 (80.1%)	438 (89.8%)	0.0025488732420633994
Carbapenem presence	Yes	31 (19.9%)	50 (10.2%)	0.0025488732420633994
