Test	Category	Cluster	Single	pval
ESBL presence	No	9 (5.8%)	91 (18.6%)	1.969002685574577e-4
ESBL presence	Yes	147 (94.2%)	399 (81.4%)	1.969002685574577e-4
Carbapenem presence	No	125 (80.1%)	440 (89.8%)	0.0023905919471708644
Carbapenem presence	Yes	31 (19.9%)	50 (10.2%)	0.0023905919471708644
