Test	Category	Most common	Others	pval
ESBL presence	No	19 (5.8%)	81 (25.4%)	1.2846468736526013e-11
ESBL presence	Yes	308 (94.2%)	238 (74.6%)	1.2846468736526013e-11
Carbapenem presence	No	281 (85.9%)	284 (89%)	0.2850716519466459
Carbapenem presence	Yes	46 (14.1%)	35 (11%)	0.2850716519466459
