Test	Category	Most common	Others	pval
ESBL presence	No	19 (5.8%)	79 (24.9%)	3.1273252030942244e-11
ESBL presence	Yes	308 (94.2%)	238 (75.1%)	3.1273252030942244e-11
Carbapenem presence	No	281 (85.9%)	282 (89%)	0.29879853772242393
Carbapenem presence	Yes	46 (14.1%)	35 (11%)	0.29879853772242393
